category,title,name,custom_permalink,img,content
Мозаика,Мозаика Цветочный орнамент,Мозаика Цветочный орнамент,Katalog/Plastikovye-paneli-PVH/MozaikaMozaika-Cvetochnyj-ornament,http://grace-panels.com/img/panels/93.jpg,ТП10016508
Мозаика,Мозаика белая,Мозаика белая,Katalog/Plastikovye-paneli-PVH/MozaikaMozaika-belaya,http://grace-panels.com/img/panels/l9.jpg,ТП10006531
Мозаика,Мозаика бирюза,Мозаика бирюза,Katalog/Plastikovye-paneli-PVH/MozaikaMozaika-biryuza,http://grace-panels.com/img/panels/l10.jpg,ТП10007703
Мозаика,Мозаика коричневая с узорами,Мозаика коричневая с узорами,Katalog/Plastikovye-paneli-PVH/MozaikaMozaika-korichnevaya-s-uzorami,http://grace-panels.com/img/panels/l11.jpg,ТП10009499
Мозаика,Мозаика луксор,Мозаика луксор,Katalog/Plastikovye-paneli-PVH/MozaikaMozaika-luksor,http://grace-panels.com/img/panels/l12.jpg,ТП10007708
Мозаика,Мозаика релакс,Мозаика релакс,Katalog/Plastikovye-paneli-PVH/MozaikaMozaika-relaks,http://grace-panels.com/img/panels/l13.jpg,ТП10007702
Мозаика,Айсберг,Айсберг,Katalog/Plastikovye-paneli-PVH/MozaikaAjsberg,http://grace-panels.com/img/panels/40.jpg,ТП10009957
Мозаика,Аромат кофе,Аромат кофе,Katalog/Plastikovye-paneli-PVH/MozaikaAromat-kofe,http://grace-panels.com/img/panels/01.jpg,ТП10007980
Мозаика,Астерия,Астерия,Katalog/Plastikovye-paneli-PVH/MozaikaAsteriya,http://grace-panels.com/img/panels/47.jpg,ТП10010909
Мозаика,Атлантида,Атлантида,Katalog/Plastikovye-paneli-PVH/MozaikaAtlantida,http://grace-panels.com/img/panels/02.jpg,ТП10007059
Мозаика,Исландия,Исландия,Katalog/Plastikovye-paneli-PVH/MozaikaIslandiya,http://grace-panels.com/img/panels/04.jpg,ТП10007058
Мозаика,Карамель,Карамель,Katalog/Plastikovye-paneli-PVH/MozaikaKaramel`,http://grace-panels.com/img/panels/22.jpg,(под заказ)
Мозаика,Касабланка,Касабланка,Katalog/Plastikovye-paneli-PVH/MozaikaKasablanka,http://grace-panels.com/img/panels/48.jpg,ТП10010908
Мозаика,Кухня,Кухня,Katalog/Plastikovye-paneli-PVH/MozaikaKuhnya,http://grace-panels.com/img/panels/71.jpg,ТП10013294
Мозаика,Майолика,Майолика,Katalog/Plastikovye-paneli-PVH/MozaikaMajolika,http://grace-panels.com/img/panels/54.jpg,ТП10011595
Мозаика,Металлик,Металлик,Katalog/Plastikovye-paneli-PVH/MozaikaMetallik,http://grace-panels.com/img/panels/23.jpg,(под заказ)
Мозаика,Мозаика розовая,Мозаика розовая,Katalog/Plastikovye-paneli-PVH/MozaikaMozaika-rozovaya,http://grace-panels.com/img/panels/27.jpg,(под заказ)
Мозаика,Мозаика синяя,Мозаика синяя,Katalog/Plastikovye-paneli-PVH/MozaikaMozaika-sinyaya,http://grace-panels.com/img/panels/28.jpg,(под заказ)
Мозаика,Мозаика белая,Мозаика белая,Katalog/Plastikovye-paneli-PVH/MozaikaMozaika-belaya,http://grace-panels.com/img/panels/24.jpg,(под заказ)
Мозаика,Мозаика шоколад сиреневый,Мозаика шоколад сиреневый,Katalog/Plastikovye-paneli-PVH/MozaikaMozaika-shokolad-sirenevyj,http://grace-panels.com/img/panels/30.jpg,(под заказ)
Мозаика,Морской бриз,Морской бриз,Katalog/Plastikovye-paneli-PVH/MozaikaMorskoj-briz,http://grace-panels.com/img/panels/62.jpg,ТП10007520
Мозаика,Мрамор с золотом,Мрамор с золотом,Katalog/Plastikovye-paneli-PVH/MozaikaMramor-s-zolotom,http://grace-panels.com/img/panels/37.jpg,ТП10009775
Мозаика,Оттенки осени,Оттенки осени,Katalog/Plastikovye-paneli-PVH/MozaikaOttenki-oseni,http://grace-panels.com/img/panels/50.jpg,ТП10010910
Мозаика,Пляж,Пляж,Katalog/Plastikovye-paneli-PVH/MozaikaPlyazh,http://grace-panels.com/img/panels/14.jpg,ТП10007983
Мозаика,Прованс,Прованс,Katalog/Plastikovye-paneli-PVH/MozaikaProvans,http://grace-panels.com/img/panels/73.jpg,ТП10007012
Мозаика,Сибирия,Сибирия,Katalog/Plastikovye-paneli-PVH/MozaikaSibiriya,http://grace-panels.com/img/panels/44.jpg,ТП10009958
Мозаика,Цветы,Цветы,Katalog/Plastikovye-paneli-PVH/MozaikaCvety,http://grace-panels.com/img/panels/19.jpg,(под заказ)
Мозаика,Шарм,Шарм,Katalog/Plastikovye-paneli-PVH/MozaikaSharm,http://grace-panels.com/img/panels/45.jpg,ТП10010441
Мозаика,Япония,Япония,Katalog/Plastikovye-paneli-PVH/MozaikaYaponiya,http://grace-panels.com/img/panels/31.jpg,(под заказ)
Мозаика,Гамбит,Гамбит,Katalog/Plastikovye-paneli-PVH/MozaikaGambit,http://grace-panels.com/img/panels/a1.jpg,(под заказ)
Мозаика,Лагуна,Лагуна,Katalog/Plastikovye-paneli-PVH/MozaikaLaguna,http://grace-panels.com/img/panels/63.jpg,ТП10007981
Мозаика,Лагуна Арт,Лагуна Арт,Katalog/Plastikovye-paneli-PVH/MozaikaLaguna-Art,http://grace-panels.com/img/panels/a2.jpg,ТП10013978
Мозаика,Лагуна песчаная,Лагуна песчаная,Katalog/Plastikovye-paneli-PVH/MozaikaLaguna-peschanaya,http://grace-panels.com/img/panels/a3.jpg,ТП10013979
Мозаика,Леонардо,Леонардо,Katalog/Plastikovye-paneli-PVH/MozaikaLeonardo,http://grace-panels.com/img/panels/a4.jpg,ТП10007982
Мозаика,Марракеш,Марракеш,Katalog/Plastikovye-paneli-PVH/MozaikaMarrakesh,http://grace-panels.com/img/panels/a5.jpg,ТП10007011
Мозаика,Мозаика голубая,Мозаика голубая,Katalog/Plastikovye-paneli-PVH/MozaikaMozaika-golubaya,http://grace-panels.com/img/panels/a6.jpg,ТП10014023
Мозаика,Мозаика зеленая,Мозаика зеленая,Katalog/Plastikovye-paneli-PVH/MozaikaMozaika-zelenaya,http://grace-panels.com/img/panels/a7.jpg,ТП10014025
Мозаика,Мозаика коричневая,Мозаика коричневая,Katalog/Plastikovye-paneli-PVH/MozaikaMozaika-korichnevaya,http://grace-panels.com/img/panels/a8.jpg,ТП10014026
Мозаика,Мозаика металлик,Мозаика металлик,Katalog/Plastikovye-paneli-PVH/MozaikaMozaika-metallik,http://grace-panels.com/img/panels/a9.jpg,(под заказ)
Мозаика,Мозаика оранжевая,Мозаика оранжевая,Katalog/Plastikovye-paneli-PVH/MozaikaMozaika-oranzhevaya,http://grace-panels.com/img/panels/a10.jpg,ТП10014028
Мозаика,Мозаика розовая,Мозаика розовая,Katalog/Plastikovye-paneli-PVH/MozaikaMozaika-rozovaya,http://grace-panels.com/img/panels/a11.jpg,ТП10014030
Мозаика,Мозаика синяя,Мозаика синяя,Katalog/Plastikovye-paneli-PVH/MozaikaMozaika-sinyaya,http://grace-panels.com/img/panels/a12.jpg,ТП10014031
Мозаика,Мозаика Шоколад коричневый,Мозаика Шоколад коричневый,Katalog/Plastikovye-paneli-PVH/MozaikaMozaika-Shokolad-korichnevyĭ,http://grace-panels.com/img/panels/a13.jpg,(под заказ)
Мозаика,Осенний лист,Осенний лист,Katalog/Plastikovye-paneli-PVH/MozaikaOsennij-list,http://grace-panels.com/img/panels/a14.jpg,ТП10007614
Мозаика,Тунис,Тунис,Katalog/Plastikovye-paneli-PVH/MozaikaTunis,http://grace-panels.com/img/panels/a15.jpg,ТП10013990
Мозаика,Цветы,Цветы,Katalog/Plastikovye-paneli-PVH/MozaikaCvety,http://grace-panels.com/img/panels/a16.jpg,ТП10007984